doc,completion
1870_Verne-Jules_Vingt-mille-lieues-sous-les-mers.txt_chunk_50,"]</s>`[CETTES PAGINES MÉTRONOMMENT LE DESIGNATIONNED DE COUVRURES SUR LA MER LISTES DE RELATIVILLES ET DE RECLAMABLE DANSEUR SECURISÉ INDEPENDAMENT CHAUFRANCO-ROYAL CONFIRENT UNE CABINE VIRIULE AU VONNIER PROFESSIONNEL POUR QUI""]"
1882_Aimard-Gustave_Les-bandits-de-l-Arizona.txt_chunk_39,"]</s>� Next, Sans Traces and his companions continue their journey through Arizona to encounter Apache warriors who are fighting against Spanish invaders, forming an alliance despite initially meeting with tension on the battlefield. Then, they discover that the Spaniards have been using local women in acts of prostitution, outraging both sides of this tense conflict before setting off toward Tucson for reinforcements. Along the way, they engage in dangerous passages where they must navigate rough terrain, avoid scorp""]"
1870_Verne-Jules_Vingt-mille-lieues-sous-les-mers.txt_chunk_26,"]</s> \xa0 Au cours des premières pages de la nouvelle, un incident maritime qui implique plusieurs navires et un mystérieux monster marine gigante (connues sous le nom de narvals) suscite une controverse et des discussions passionnées dans le monde spécialisé, menée notamment le Professeur de botanic qui propose d'organiser des missions de recherches spécifiques pour trouver cet animal peuvent comprendres comme une possibilité très importante""]"
1857_Aimard-Gustave_Les-trappeurs-de-l-Arkansas.txt_chunk_31,"/INST]</s>ries. Ils prennent pied à nouveau sur la grande piste menant aux forts espagnols, sur la rive occidentale, entre eux ils deviennent à peine six milles, quand deux clameurs de métal annoncent leur arrivée aux fortifications de cette ville. Ainsi commenceront vraisemblablement des sièges importants, bien que l\'""extrait"" termine le plus court. Mais peut être nous']"
1857_Aimard-Gustave_Les-trappeurs-de-l-Arkansas.txt_chunk_4,"]</s>riel'll continue the tale by adding more detail to each paragraph as needed. With this passage, we are introduced to some of the main plot points of the story: 1) A building and its neighboring areas destroyed by fire. 2) The judge determines that Raphael has died, to which his allies cheer, while others mourn the loss. 3) Judges arranging for a funeral to take place and leading men up to Don Ramón Garías estate, where""]"
1857_Aimard-Gustave_Les-trappeurs-de-l-Arkansas.txt_chunk_50,"ces.[/INST]</s>relàtiquede l""environnementimpôtôurlecontrairementàfairevengerpourseuloinbouchernomméAmancioMendoza.IlvécutaprèslaPuerdelafortifyingracinesfortressetentaitfightenemyincursionsavectorsofluence,loultoutlencellesourcesofconflict.Malgrêtravailhebossedeterritorialiseras']"
1863_Gautier-Theophile_Le-capitaine-Fracasse.txt_chunk_59,"]</s>omme précédemment dit, dans plusieurs pièces du théâtre français Renaissance, cette nouvelle génération du XXIe siècle apporte son propre style dramatique en alliant imaginaires et réalités. Parmi de ces jeunes créateurs, le réalisateur François Daurain, né en 1975, met à jour de nouveaux talents artistiques ayant connu leurs heures grands succès quelques années et moins mais qui rev""]"
1863_Gautier-Theophile_Le-capitaine-Fracasse.txt_chunk_58,"]</s>ries meurent de sang-despair lors d'une bataille avec une armée rival. Sigognac a fait connaître tous les biens de ces deux pays alors que Laudenbrock était âgé, mais elle lui promet de lui retrouver lorsd'une guerre future. Peu avancés de leurs projets et souvent contrariés. Enfin, l’hiver amène une nouvelle persécution de sa troupe""]"
1857_Aimard-Gustave_Les-trappeurs-de-l-Arkansas.txt_chunk_21,"]</s>rielien, est un homme poursuivi à cheval. Là bas se trouve sa description au moyen des paroles. Moi aussi j’ai eu la chance d’y avoir rencontré, en tant que personnellement lié à ce territoire et, notamment, après avoir passé les six années de ma fille, et d’autres dites à cette manière pour explorer cet immense horizon. Bref, notre plan consiste à faire vis""]"
1857_Aimard-Gustave_Les-trappeurs-de-l-Arkansas.txt_chunk_41,"]</s> ici suit un sommaire d’eventils reliant à son contexte histoire et social localisé au nord Estats-Unis près de l…ici suit un synopsis de plusieurs chapitres racontés par divers perspicaces dans le regoueillage</s>""]"
1857_Aimard-Gustave_Les-trappeurs-de-l-Arkansas.txt_chunk_2,"]</s>relatif*à ce rapport. Il fut surpris de rever *par une main rouge. Les foudroyantes rayons descendaient sur le chemin, *cui faisant enterrés tous*. S'écumaient et commencèrent *en marchant de force*... Les morsures éclatèrent avec violent .</s>""]"
1857_Aimard-Gustave_Les-trappeurs-de-l-Arkansas.txt_chunk_124,"]</s>\nL'ÉTRAIET DECrite LE TURBULENT CONTEXTE HISTORIQUE ET SOCIAL DE LA REGION DE LADOSONA EN AMÉRICANE DU SUD, MÎTISANT DES ÉVENEMENTS VIOLENTS ET DES CONFLITS DE PUISSANCE, VIA DONNA LÛZ, BELHUMÉUR ETC. DES PERSONNAG""]"
1857_Aimard-Gustave_Les-trappeurs-de-l-Arkansas.txt_chunk_100,"nces.[/INST]</s> En continuation des evenements présents dans cette région histoire de la Sonora, d\'Amérique centrale dans le cadre de l\'""Independance"", apparaissent plusieurs protagonistes impliqués dans d\'importantes affaires familiales, de combat d\'honneur ou de vengeance à partir des prairies Sauvages des EtatsUnis.Des voyagers espagnols, comme le juge Español ou la Dame']"
1857_Aimard-Gustave_Les-trappeurs-de-l-Arkansas.txt_chunk_19,"]</s>ires et autres adversaires amassés autour de ces animaux. Sur son voyage de la plage au Grand Canyon, Rackham apprendra également à naviguer une mer gigante et aider la population à sortir du blocus blockading le port de San Francisco lors de la Guerre civile Americana...</s>""]"
1870_Verne-Jules_Vingt-mille-lieues-sous-les-mers.txt_chunk_45,"]</s>riel'du vivage était interrompu, des avenements nouveaux surgissant du fond d'eaux, ce qui donnel à birth d’un moment de pause et de soumission aux autorités publiques. Pendant deux années, la France fut agrandie sous les tentatives, toujours infructueuses des différents experts issus de divers pays scientifs, de fouille. Il semble que nous décrivrons le monde sans fin d’aviers""]"
1857_Aimard-Gustave_Les-trappeurs-de-l-Arkansas.txt_chunk_76,"]</s>rier le cadaucho par leurs talons ou, sauf exception importante. Le grand médeciner cherchera la cause du trouble en lui apprenant plus sur le corps de Don José Miguel Fuentes ; en même temps, on a accru de nombreux meurtriers de sa famille, et ces blessés auront toujours à cacher leur identité car il y avait des policiers détenus autour des proches de Cofreo au moment de""]"
1857_Aimard-Gustave_Les-trappeurs-de-l-Arkansas.txt_chunk_5,"]</s>rétellement on quitte l'oiseil, fasciné par le spectacle, celui-ci retrouve rapidement son calme, tout cela est remplacé par cette impression incroyable qu'on connait souvent face à la mer ou à. Les travailleurs de l'enseignement ont la possibilité d'effectuer un traitements. On peut obtenir son permis après la clôture du traitement mais cela doit""]"
1857_Aimard-Gustave_Les-trappeurs-de-l-Arkansas.txt_chunk_49,"]</s>ri: L'histoire est extrêmelinee lorsqu\\'un garçon est traîté, poursuifi à cheval qui essaye de retarder ses adversaires qui lui intentent la tête. Un garçon revanchiste tire le coup fatal à son adversaire tandis que le judiciaire poursuite incessamment son quest de justices pour le purgatoire du terrorisme. La rivalité des tribus navajo est mise""]"
1866_Gaboriau-Emile_L-affaire-Lerouge.txt_chunk_146,"]</s>riellement. On nera compris les premières traces établies, par Md' Aburon, lors de nottre expérimentation dans un laboratoire spécialisé, visant principalement à étude l’aspect amical de nos interactions. Nous y serons examinerons certains traits qui seront utilisés d’après des réspondants et nous n’examinaison nous n’aurons eu besoin des moyens""]"
1857_Aimard-Gustave_Les-trappeurs-de-l-Arkansas.txt_chunk_75,"]</s>ranslation: Avec la publication de « L´extraît », le lecteur fera connaissance de très nombreux évèntements relatifs au sud-américain argentin. Le texte présentera à travers plusieurs narrateurs et perspectives différentes tous les épisodes vulsés et tumultueux ayant eu lieu dans cette petite comarche. On suivra en particulier à travers divers personnages tels qu’un""]"
1857_Aimard-Gustave_Les-trappeurs-de-l-Arkansas.txt_chunk_1,"]</s>En décrivant l'empreinte de la Sierra Madre dans la péninsule Californienne du Mexique, l'auteur parle de la division en deux parties de cette chaînes de montagnes se situées à l'EST de la province et leur expansion ouestward (de Dúrantgo au Sud). Le contexte histoirellé le met autour les combatives et hostiles affrontements auxquels les peu""]"
1863_Gautier-Theophile_Le-capitaine-Fracasse.txt_chunk_14,"]</s> en français\nMaintenant commence avec un court récit des affaires supérieur: Béelzébuth, un chat solitaire (...) (...) Mirauté craque la paix tranquille jusqu'à devenir un agressif animal à savager à proximité du chateaul demeure remplit de silences angoissés et de résignations accablantes à des raisons inconnues. (...) Par le hasard (...""]"
1857_Aimard-Gustave_Les-trappeurs-de-l-Arkansas.txt_chunk_20,"]</s>riel on commence les prises et les emportements de sang continuent. Ils battaient les colons américaines aux pistoles à savoir, faisant sortir d'entre ics une partie considérable des hommes libres qui furent ensuite capturés et transportés dans les États Confederés, sous prétence qu'ils appartenaient à l'État de Mississippi., accompagnée de plusieurs autres faits remarquesbels relatifs""]"
1870_Verne-Jules_Vingt-mille-lieues-sous-les-mers.txt_chunk_20,"]</s>ries passées au sujet de ces dernières découvertes avaient entraîné de fortes controverses internationales, avec un développement inévitable des racontars exotiques et de discussons intenses chez les intellectuels et les médias, au point qu'on venait lutter autour du fait même que s'agissebasse d'observations incrédule .</s>""]"
1882_Aimard-Gustave_Les-bandits-de-l-Arizona.txt_chunk_4,"]</s>réaliste: À quatre heures minuit, près d'un quart d'heure dans l'occurrence, la carabine et la baïonnette de Jean Petermann de Nürnberg sont situées près de son cheval sous l'arbre Mahogani, le chasser le portant fermée par John, son fils adopté par Eileen Schönnerbach où ces deux derniers ont campé pour la so""]"
1866_Gaboriau-Emile_L-affaire-Lerouge.txt_chunk_113,"]</s>rette (veuve redite), où il sera rendez-cœur, examinable mais finalement innocente . Dans cette nouvelle case, Guy-Louis-Marie-Albert Rhéteau n’ira pas vers Sainte-Clotilde, comme il croyait, ni à Dieu ; car c’est peut être à Dieu qu’ils sont allés mais à Saint Germain lés Troys. Il s’agissait de""]"
1857_Aimard-Gustave_Les-trappeurs-de-l-Arkansas.txt_chunk_123,"]</s>rias décrivent la région et l'histoire sauvage de Sonora, mettant en scene diverses actions de pouvoir, such as young boy being hunted and youth seeking revenge from his betrayer, an idealistic judge determined to bring justice and revenge against injustice and betrayal are prevalent within society and history of Sonora during these times. In a world full of savagery characters face moral choices through life-death experiences which make readers reflect intensively""]"
1882_Aimard-Gustave_Les-bandits-de-l-Arizona.txt_chunk_0,"]</s>riefemieux explores la région de Arizona au fil du temps, dévoile la culture locale et ses évolutions. Sans pour autant abandonner ses traditions antiques et barbares jusqu'alors courant en Arizona dominé par Bravos, Comanches, Apaches, Pawnees et autres groupes peuplés d'hôtes ennemis. La zone d'arc-en-ciel est donc présentée dans cet opuscule""]"
1857_Aimard-Gustave_Les-trappeurs-de-l-Arkansas.txt_chunk_40,"]</s>riellement, ils ont été piégés... Dans le cadre de celui qui le régente dans cet empire : Un soldat étranger, entré et mis en place dans son pays natal sans savoir rien du système colonial lui-même... Elle n'est jamais vraiment retournée, ni la moindre vis ou rien de sens dans la vie.. Une histoire politique intrigue et mystifie tout prodigiosément sous forme d'""]"
1857_Aimard-Gustave_Les-trappeurs-de-l-Arkansas.txt_chunk_114,"]</s>riel In the following chapters, readers will be introduced to the dangerous world of Sonora where violence is common, power struggles lead to conflict, and personal vendettas often reign supreme. One group of individuals must navigate an uncertain future if they are to find peace amidst turmoil. The wild landscape may pose great challenges but even greater ones lie ahead - including dangerous encounters between settlers, Indians, and trappers, battles over survival and freedom struggles. As for the young character introduced""]"
1870_Verne-Jules_Vingt-mille-lieues-sous-les-mers.txt_chunk_25,"ST]</s>ries fantaisiques et des discusions intenseues au sein de la communità scientifique . La suite d\'incidents enmery mysterieux amène alors un professeur à y rejoindre une expédition en nombre à bord du transbordeur "" Abelam Lincoln "". Les passagers sont tentés de rechercher l""existence des gros porcs marineurs"", faisant espreintes de résurgences internationales et contribuent']"
1882_Aimard-Gustave_Les-bandits-de-l-Arizona.txt_chunk_40,"]</s>ries jusqu'au bout des hautes montagnes et parfois par travers toute cette zone dérobées et fréquemment marquées d'actes de violence dont il vint souvent à voir un signe de la main découverte d'une petite victime, tuée sans honneur lors de crimes sans fond, etc. Cette pénétrante exploration l'amena peu à peu au coeur d'un monde abandonné pendant des""]"
1882_Aimard-Gustave_Les-bandits-de-l-Arizona.txt_chunk_38,"]</s>rceci sur la question d'identificaitonnel de ces mutilés rudimentaires et affascins aux yeux nid-de-cour. Cette partie commence notamment à vous fournir une vue plus amplicue sur leur organisation interne, ou est-elle possible ? Et quel mécanisme est employé au sein de la famille Manson ? Que fait alors Charlie, puis Bruce, plus généralement David Ogden Stuart? Que se concl""]"
1857_Aimard-Gustave_Les-trappeurs-de-l-Arkansas.txt_chunk_110,"]</s>ires. Aucun savoir ce que cette alliance pourrait engendrer jusqu'à maintenir des deux hommes délibérément partis. Le jeune boy raconte la suite du réquisitionnaire pour la possibilité de vengement contre cet arbitral tribunal qui leur aurait pris trois-quarters de leurs ressources. Une tentative est effectuée d'y accender d'avantage mais tombe très bien car ces p""]"
1857_Aimard-Gustave_Les-trappeurs-de-l-Arkansas.txt_chunk_30,"]</s>ries à s'errer de ce que l'américain tue ou que tu tueras du sanglier; les deux mennent alors une querelle féroce, tandis que la grande dame veille jusqu'à épuisé le malade en attendant que soient prêt vite des secours. Puisque chaque partie vit dans eux-mêmes plusieurs adversaires respectifs – voire aussi leurs propres fils comme ses anci""]"
1882_Aimard-Gustave_Les-bandits-de-l-Arizona.txt_chunk_41,"]</s>rias et parallèles entre ce jour d'envol d'un avion américain à Los Angeles et le vol international dans une journée typique, se présentant d'abord au point de departure, puis à l'airborne et enfin à destination. Cette vision de L.L. Boudreaux dans son esprit et se transformant en réalité permettante de la réalisation du réalisateur et faisant partie à la fois de son cré""]"
1857_Aimard-Gustave_Les-trappeurs-de-l-Arkansas.txt_chunk_3,"]</s>`k dans le texter, Raphael fait irruption vers ses parents. Il est très furieux et refuse d'écouter leurs raisons (et leur supplie de ne pas voir le chien). Il demande si cette erreur sera jamais repeinte (pas) et raconte un jour où le chevalier avait frappé à la porte des Tavares sans rieux d'annonciations:\n               « Parfai ! Cela""]"
1857_Aimard-Gustave_Les-trappeurs-de-l-Arkansas.txt_chunk_115,"]</s>rel>Remplacement de <em>dans</em>, et de <em>=<em>>>la vie d'une voleuse </em> et. Par conséquent, nos tentatives étaient de prendre la vie de celui ou celle qui avaient tué mon fils. Il est également important de le soulagermain>Natural Gas Producers<main>\net mainthose producers were primarily concerned over <abbr</s>""]"
1882_Aimard-Gustave_Les-bandits-de-l-Arizona.txt_chunk_5,"]</s>�️ De nouvelles personnalités et situations arrivent en plein coup dans ces derniers jours de ce roman :\n\n1\xa0La principale découverte du personnage principal enregistrée sur l'ordinateur portable est que celui-là n'appartient clairement pas au clan dont il se considéralt jusqu'à ce moment-ci.\n2\xa0Cela lave dans sa tête cette histoire, avec bien d'autres""]"
1857_Aimard-Gustave_Les-trappeurs-de-l-Arkansas.txt_chunk_109,"]</s>ries are brought into the story, it can seem like a dull and simple introduction to an exciting narrative about action, power struggles, and justice matters, but there remains a complexity beyond the surface.\r\n\r\nAs the story unfolds, we see how individuals make moral choices under extreme circumstances. They must decide how much they will risk or compromise themselves in order to fight for their own interests, survival, and honor. This tension between personal integrity and survival creates compelling moments throughout the text where the reader""]"
1863_Gautier-Theophile_Le-capitaine-Fracasse.txt_chunk_25,"]</s>*\nEn suite des évènements étranges du soir , isabelle reste longtemps bouillardée par la tentative d'invasion fantomatique. Les tentatives suivantes pour en découvrir plus encore les origines sont toutes infructueuses. Trop exécutionnant, le jeune baron meurt submaturément et cesse definitivement de croître dans celle même chambre. Il y revi""]"
1876_Boisgobey-Fortune-du_L-Omnibus-du-diable.txt_chunk_61,"]</s>riel\nPar les jours suivants, des intrigues et des trahisons se présentrent du côté de Savinien et, après serrant une main sur sa cheville, il tombe, blessé. Après d'abord avoir reconstruit son histoire avec Dominique, celui-ci retourne l'affaire sur le dos de Chambras avec une nouvelle visée... Qu'est en fait cela?</s>""]"
1857_Aimard-Gustave_Les-trappeurs-de-l-Arkansas.txt_chunk_77,"]</s>folios qui se retrouverent sous son sommet après avoir été amarrées par un nuage épais dalle à un mouvement horizontal fortifiant, sont reprenus et enviés autour de ses flancs pour finir par être mis hors d'état susceptible de fonctionner en utilisant les boucles. Il a ensuite ajouté ses composants pour faire un système hydrostatique, devenant un inventaire de l'ingén""]"
