doc	label_net
1893_Feval-Paul-fils_les-suites-de-lagardere_1-la-jeunesse-du-bossu.txt_chunk_10	
1893_Feval-Paul-fils_les-suites-de-lagardere_1-la-jeunesse-du-bossu.txt_chunk_100	
1893_Feval-Paul-fils_les-suites-de-lagardere_1-la-jeunesse-du-bossu.txt_chunk_101	
1893_Feval-Paul-fils_les-suites-de-lagardere_1-la-jeunesse-du-bossu.txt_chunk_102	
1893_Feval-Paul-fils_les-suites-de-lagardere_1-la-jeunesse-du-bossu.txt_chunk_103	
1893_Feval-Paul-fils_les-suites-de-lagardere_1-la-jeunesse-du-bossu.txt_chunk_104	
1893_Feval-Paul-fils_les-suites-de-lagardere_1-la-jeunesse-du-bossu.txt_chunk_105	
1893_Feval-Paul-fils_les-suites-de-lagardere_1-la-jeunesse-du-bossu.txt_chunk_106	
1893_Feval-Paul-fils_les-suites-de-lagardere_1-la-jeunesse-du-bossu.txt_chunk_107	
1893_Feval-Paul-fils_les-suites-de-lagardere_1-la-jeunesse-du-bossu.txt_chunk_108	
1893_Feval-Paul-fils_les-suites-de-lagardere_1-la-jeunesse-du-bossu.txt_chunk_109	
1893_Feval-Paul-fils_les-suites-de-lagardere_1-la-jeunesse-du-bossu.txt_chunk_11	
1893_Feval-Paul-fils_les-suites-de-lagardere_1-la-jeunesse-du-bossu.txt_chunk_110	
1893_Feval-Paul-fils_les-suites-de-lagardere_1-la-jeunesse-du-bossu.txt_chunk_111	
1893_Feval-Paul-fils_les-suites-de-lagardere_1-la-jeunesse-du-bossu.txt_chunk_112	
1893_Feval-Paul-fils_les-suites-de-lagardere_1-la-jeunesse-du-bossu.txt_chunk_113	
1893_Feval-Paul-fils_les-suites-de-lagardere_1-la-jeunesse-du-bossu.txt_chunk_114	
1893_Feval-Paul-fils_les-suites-de-lagardere_1-la-jeunesse-du-bossu.txt_chunk_115	
1893_Feval-Paul-fils_les-suites-de-lagardere_1-la-jeunesse-du-bossu.txt_chunk_116	
1893_Feval-Paul-fils_les-suites-de-lagardere_1-la-jeunesse-du-bossu.txt_chunk_117	
1893_Feval-Paul-fils_les-suites-de-lagardere_1-la-jeunesse-du-bossu.txt_chunk_118	
1893_Feval-Paul-fils_les-suites-de-lagardere_1-la-jeunesse-du-bossu.txt_chunk_119	
1893_Feval-Paul-fils_les-suites-de-lagardere_1-la-jeunesse-du-bossu.txt_chunk_12	
1893_Feval-Paul-fils_les-suites-de-lagardere_1-la-jeunesse-du-bossu.txt_chunk_120	
1893_Feval-Paul-fils_les-suites-de-lagardere_1-la-jeunesse-du-bossu.txt_chunk_121	
1893_Feval-Paul-fils_les-suites-de-lagardere_1-la-jeunesse-du-bossu.txt_chunk_122	
1893_Feval-Paul-fils_les-suites-de-lagardere_1-la-jeunesse-du-bossu.txt_chunk_123	
1893_Feval-Paul-fils_les-suites-de-lagardere_1-la-jeunesse-du-bossu.txt_chunk_124	
1893_Feval-Paul-fils_les-suites-de-lagardere_1-la-jeunesse-du-bossu.txt_chunk_125	
1893_Feval-Paul-fils_les-suites-de-lagardere_1-la-jeunesse-du-bossu.txt_chunk_126	
1893_Feval-Paul-fils_les-suites-de-lagardere_1-la-jeunesse-du-bossu.txt_chunk_127	
1893_Feval-Paul-fils_les-suites-de-lagardere_1-la-jeunesse-du-bossu.txt_chunk_128	
1893_Feval-Paul-fils_les-suites-de-lagardere_1-la-jeunesse-du-bossu.txt_chunk_129	
1893_Feval-Paul-fils_les-suites-de-lagardere_1-la-jeunesse-du-bossu.txt_chunk_13	
1893_Feval-Paul-fils_les-suites-de-lagardere_1-la-jeunesse-du-bossu.txt_chunk_130	
1893_Feval-Paul-fils_les-suites-de-lagardere_1-la-jeunesse-du-bossu.txt_chunk_131	
1893_Feval-Paul-fils_les-suites-de-lagardere_1-la-jeunesse-du-bossu.txt_chunk_132	
1893_Feval-Paul-fils_les-suites-de-lagardere_1-la-jeunesse-du-bossu.txt_chunk_133	
1893_Feval-Paul-fils_les-suites-de-lagardere_1-la-jeunesse-du-bossu.txt_chunk_134	
1893_Feval-Paul-fils_les-suites-de-lagardere_1-la-jeunesse-du-bossu.txt_chunk_135	
1893_Feval-Paul-fils_les-suites-de-lagardere_1-la-jeunesse-du-bossu.txt_chunk_136	
1893_Feval-Paul-fils_les-suites-de-lagardere_1-la-jeunesse-du-bossu.txt_chunk_137	
1893_Feval-Paul-fils_les-suites-de-lagardere_1-la-jeunesse-du-bossu.txt_chunk_138	
1893_Feval-Paul-fils_les-suites-de-lagardere_1-la-jeunesse-du-bossu.txt_chunk_139	
1893_Feval-Paul-fils_les-suites-de-lagardere_1-la-jeunesse-du-bossu.txt_chunk_14	
1893_Feval-Paul-fils_les-suites-de-lagardere_1-la-jeunesse-du-bossu.txt_chunk_140	
1893_Feval-Paul-fils_les-suites-de-lagardere_1-la-jeunesse-du-bossu.txt_chunk_141	
1893_Feval-Paul-fils_les-suites-de-lagardere_1-la-jeunesse-du-bossu.txt_chunk_142	
1893_Feval-Paul-fils_les-suites-de-lagardere_1-la-jeunesse-du-bossu.txt_chunk_143	
1893_Feval-Paul-fils_les-suites-de-lagardere_1-la-jeunesse-du-bossu.txt_chunk_144	
1893_Feval-Paul-fils_les-suites-de-lagardere_1-la-jeunesse-du-bossu.txt_chunk_145	
1893_Feval-Paul-fils_les-suites-de-lagardere_1-la-jeunesse-du-bossu.txt_chunk_146	
1893_Feval-Paul-fils_les-suites-de-lagardere_1-la-jeunesse-du-bossu.txt_chunk_147	
1893_Feval-Paul-fils_les-suites-de-lagardere_1-la-jeunesse-du-bossu.txt_chunk_148	
1893_Feval-Paul-fils_les-suites-de-lagardere_1-la-jeunesse-du-bossu.txt_chunk_149	
1893_Feval-Paul-fils_les-suites-de-lagardere_1-la-jeunesse-du-bossu.txt_chunk_15	
1893_Feval-Paul-fils_les-suites-de-lagardere_1-la-jeunesse-du-bossu.txt_chunk_150	
1893_Feval-Paul-fils_les-suites-de-lagardere_1-la-jeunesse-du-bossu.txt_chunk_151	
1893_Feval-Paul-fils_les-suites-de-lagardere_1-la-jeunesse-du-bossu.txt_chunk_152	
1893_Feval-Paul-fils_les-suites-de-lagardere_1-la-jeunesse-du-bossu.txt_chunk_153	
1893_Feval-Paul-fils_les-suites-de-lagardere_1-la-jeunesse-du-bossu.txt_chunk_154	
1893_Feval-Paul-fils_les-suites-de-lagardere_1-la-jeunesse-du-bossu.txt_chunk_155	
1893_Feval-Paul-fils_les-suites-de-lagardere_1-la-jeunesse-du-bossu.txt_chunk_156	
1893_Feval-Paul-fils_les-suites-de-lagardere_1-la-jeunesse-du-bossu.txt_chunk_157	
1893_Feval-Paul-fils_les-suites-de-lagardere_1-la-jeunesse-du-bossu.txt_chunk_158	
1893_Feval-Paul-fils_les-suites-de-lagardere_1-la-jeunesse-du-bossu.txt_chunk_159	
1893_Feval-Paul-fils_les-suites-de-lagardere_1-la-jeunesse-du-bossu.txt_chunk_16	
1893_Feval-Paul-fils_les-suites-de-lagardere_1-la-jeunesse-du-bossu.txt_chunk_160	
1893_Feval-Paul-fils_les-suites-de-lagardere_1-la-jeunesse-du-bossu.txt_chunk_161	
1893_Feval-Paul-fils_les-suites-de-lagardere_1-la-jeunesse-du-bossu.txt_chunk_162	
1893_Feval-Paul-fils_les-suites-de-lagardere_1-la-jeunesse-du-bossu.txt_chunk_163	
1893_Feval-Paul-fils_les-suites-de-lagardere_1-la-jeunesse-du-bossu.txt_chunk_164	
1893_Feval-Paul-fils_les-suites-de-lagardere_1-la-jeunesse-du-bossu.txt_chunk_165	
1893_Feval-Paul-fils_les-suites-de-lagardere_1-la-jeunesse-du-bossu.txt_chunk_166	
1893_Feval-Paul-fils_les-suites-de-lagardere_1-la-jeunesse-du-bossu.txt_chunk_167	
1893_Feval-Paul-fils_les-suites-de-lagardere_1-la-jeunesse-du-bossu.txt_chunk_168	
1893_Feval-Paul-fils_les-suites-de-lagardere_1-la-jeunesse-du-bossu.txt_chunk_169	
1893_Feval-Paul-fils_les-suites-de-lagardere_1-la-jeunesse-du-bossu.txt_chunk_17	
1893_Feval-Paul-fils_les-suites-de-lagardere_1-la-jeunesse-du-bossu.txt_chunk_170	
1893_Feval-Paul-fils_les-suites-de-lagardere_1-la-jeunesse-du-bossu.txt_chunk_171	
1893_Feval-Paul-fils_les-suites-de-lagardere_1-la-jeunesse-du-bossu.txt_chunk_172	
1893_Feval-Paul-fils_les-suites-de-lagardere_1-la-jeunesse-du-bossu.txt_chunk_18	
1893_Feval-Paul-fils_les-suites-de-lagardere_1-la-jeunesse-du-bossu.txt_chunk_19	
1893_Feval-Paul-fils_les-suites-de-lagardere_1-la-jeunesse-du-bossu.txt_chunk_2	
1893_Feval-Paul-fils_les-suites-de-lagardere_1-la-jeunesse-du-bossu.txt_chunk_20	
1893_Feval-Paul-fils_les-suites-de-lagardere_1-la-jeunesse-du-bossu.txt_chunk_21	
1893_Feval-Paul-fils_les-suites-de-lagardere_1-la-jeunesse-du-bossu.txt_chunk_22	
1893_Feval-Paul-fils_les-suites-de-lagardere_1-la-jeunesse-du-bossu.txt_chunk_23	
1893_Feval-Paul-fils_les-suites-de-lagardere_1-la-jeunesse-du-bossu.txt_chunk_24	
1893_Feval-Paul-fils_les-suites-de-lagardere_1-la-jeunesse-du-bossu.txt_chunk_25	
1893_Feval-Paul-fils_les-suites-de-lagardere_1-la-jeunesse-du-bossu.txt_chunk_26	
1893_Feval-Paul-fils_les-suites-de-lagardere_1-la-jeunesse-du-bossu.txt_chunk_27	
1893_Feval-Paul-fils_les-suites-de-lagardere_1-la-jeunesse-du-bossu.txt_chunk_28	
1893_Feval-Paul-fils_les-suites-de-lagardere_1-la-jeunesse-du-bossu.txt_chunk_29	
1893_Feval-Paul-fils_les-suites-de-lagardere_1-la-jeunesse-du-bossu.txt_chunk_3	
1893_Feval-Paul-fils_les-suites-de-lagardere_1-la-jeunesse-du-bossu.txt_chunk_30	
1893_Feval-Paul-fils_les-suites-de-lagardere_1-la-jeunesse-du-bossu.txt_chunk_31	
1893_Feval-Paul-fils_les-suites-de-lagardere_1-la-jeunesse-du-bossu.txt_chunk_32	
1893_Feval-Paul-fils_les-suites-de-lagardere_1-la-jeunesse-du-bossu.txt_chunk_33	
1893_Feval-Paul-fils_les-suites-de-lagardere_1-la-jeunesse-du-bossu.txt_chunk_34	
1893_Feval-Paul-fils_les-suites-de-lagardere_1-la-jeunesse-du-bossu.txt_chunk_35	
1893_Feval-Paul-fils_les-suites-de-lagardere_1-la-jeunesse-du-bossu.txt_chunk_36	
1893_Feval-Paul-fils_les-suites-de-lagardere_1-la-jeunesse-du-bossu.txt_chunk_37	
1893_Feval-Paul-fils_les-suites-de-lagardere_1-la-jeunesse-du-bossu.txt_chunk_38	
1893_Feval-Paul-fils_les-suites-de-lagardere_1-la-jeunesse-du-bossu.txt_chunk_39	
1893_Feval-Paul-fils_les-suites-de-lagardere_1-la-jeunesse-du-bossu.txt_chunk_4	
1893_Feval-Paul-fils_les-suites-de-lagardere_1-la-jeunesse-du-bossu.txt_chunk_40	
1893_Feval-Paul-fils_les-suites-de-lagardere_1-la-jeunesse-du-bossu.txt_chunk_41	
1893_Feval-Paul-fils_les-suites-de-lagardere_1-la-jeunesse-du-bossu.txt_chunk_42	
1893_Feval-Paul-fils_les-suites-de-lagardere_1-la-jeunesse-du-bossu.txt_chunk_43	
1893_Feval-Paul-fils_les-suites-de-lagardere_1-la-jeunesse-du-bossu.txt_chunk_44	
1893_Feval-Paul-fils_les-suites-de-lagardere_1-la-jeunesse-du-bossu.txt_chunk_45	
1893_Feval-Paul-fils_les-suites-de-lagardere_1-la-jeunesse-du-bossu.txt_chunk_46	
1893_Feval-Paul-fils_les-suites-de-lagardere_1-la-jeunesse-du-bossu.txt_chunk_47	
1893_Feval-Paul-fils_les-suites-de-lagardere_1-la-jeunesse-du-bossu.txt_chunk_48	
1893_Feval-Paul-fils_les-suites-de-lagardere_1-la-jeunesse-du-bossu.txt_chunk_49	
1893_Feval-Paul-fils_les-suites-de-lagardere_1-la-jeunesse-du-bossu.txt_chunk_5	
1893_Feval-Paul-fils_les-suites-de-lagardere_1-la-jeunesse-du-bossu.txt_chunk_50	
1893_Feval-Paul-fils_les-suites-de-lagardere_1-la-jeunesse-du-bossu.txt_chunk_51	
1893_Feval-Paul-fils_les-suites-de-lagardere_1-la-jeunesse-du-bossu.txt_chunk_52	
1893_Feval-Paul-fils_les-suites-de-lagardere_1-la-jeunesse-du-bossu.txt_chunk_53	
1893_Feval-Paul-fils_les-suites-de-lagardere_1-la-jeunesse-du-bossu.txt_chunk_54	
1893_Feval-Paul-fils_les-suites-de-lagardere_1-la-jeunesse-du-bossu.txt_chunk_55	
1893_Feval-Paul-fils_les-suites-de-lagardere_1-la-jeunesse-du-bossu.txt_chunk_56	
1893_Feval-Paul-fils_les-suites-de-lagardere_1-la-jeunesse-du-bossu.txt_chunk_57	
1893_Feval-Paul-fils_les-suites-de-lagardere_1-la-jeunesse-du-bossu.txt_chunk_58	
1893_Feval-Paul-fils_les-suites-de-lagardere_1-la-jeunesse-du-bossu.txt_chunk_59	
1893_Feval-Paul-fils_les-suites-de-lagardere_1-la-jeunesse-du-bossu.txt_chunk_6	
1893_Feval-Paul-fils_les-suites-de-lagardere_1-la-jeunesse-du-bossu.txt_chunk_60	
1893_Feval-Paul-fils_les-suites-de-lagardere_1-la-jeunesse-du-bossu.txt_chunk_61	
1893_Feval-Paul-fils_les-suites-de-lagardere_1-la-jeunesse-du-bossu.txt_chunk_62	
1893_Feval-Paul-fils_les-suites-de-lagardere_1-la-jeunesse-du-bossu.txt_chunk_63	
1893_Feval-Paul-fils_les-suites-de-lagardere_1-la-jeunesse-du-bossu.txt_chunk_64	
1893_Feval-Paul-fils_les-suites-de-lagardere_1-la-jeunesse-du-bossu.txt_chunk_65	
1893_Feval-Paul-fils_les-suites-de-lagardere_1-la-jeunesse-du-bossu.txt_chunk_66	
1893_Feval-Paul-fils_les-suites-de-lagardere_1-la-jeunesse-du-bossu.txt_chunk_67	
1893_Feval-Paul-fils_les-suites-de-lagardere_1-la-jeunesse-du-bossu.txt_chunk_68	
1893_Feval-Paul-fils_les-suites-de-lagardere_1-la-jeunesse-du-bossu.txt_chunk_69	
1893_Feval-Paul-fils_les-suites-de-lagardere_1-la-jeunesse-du-bossu.txt_chunk_7	
1893_Feval-Paul-fils_les-suites-de-lagardere_1-la-jeunesse-du-bossu.txt_chunk_70	
1893_Feval-Paul-fils_les-suites-de-lagardere_1-la-jeunesse-du-bossu.txt_chunk_71	
1893_Feval-Paul-fils_les-suites-de-lagardere_1-la-jeunesse-du-bossu.txt_chunk_72	
1893_Feval-Paul-fils_les-suites-de-lagardere_1-la-jeunesse-du-bossu.txt_chunk_73	
1893_Feval-Paul-fils_les-suites-de-lagardere_1-la-jeunesse-du-bossu.txt_chunk_74	
1893_Feval-Paul-fils_les-suites-de-lagardere_1-la-jeunesse-du-bossu.txt_chunk_75	
1893_Feval-Paul-fils_les-suites-de-lagardere_1-la-jeunesse-du-bossu.txt_chunk_76	
1893_Feval-Paul-fils_les-suites-de-lagardere_1-la-jeunesse-du-bossu.txt_chunk_77	
1893_Feval-Paul-fils_les-suites-de-lagardere_1-la-jeunesse-du-bossu.txt_chunk_78	
1893_Feval-Paul-fils_les-suites-de-lagardere_1-la-jeunesse-du-bossu.txt_chunk_79	
1893_Feval-Paul-fils_les-suites-de-lagardere_1-la-jeunesse-du-bossu.txt_chunk_8	
1893_Feval-Paul-fils_les-suites-de-lagardere_1-la-jeunesse-du-bossu.txt_chunk_80	
1893_Feval-Paul-fils_les-suites-de-lagardere_1-la-jeunesse-du-bossu.txt_chunk_81	
1893_Feval-Paul-fils_les-suites-de-lagardere_1-la-jeunesse-du-bossu.txt_chunk_82	
1893_Feval-Paul-fils_les-suites-de-lagardere_1-la-jeunesse-du-bossu.txt_chunk_83	
1893_Feval-Paul-fils_les-suites-de-lagardere_1-la-jeunesse-du-bossu.txt_chunk_84	
1893_Feval-Paul-fils_les-suites-de-lagardere_1-la-jeunesse-du-bossu.txt_chunk_85	
1893_Feval-Paul-fils_les-suites-de-lagardere_1-la-jeunesse-du-bossu.txt_chunk_86	
1893_Feval-Paul-fils_les-suites-de-lagardere_1-la-jeunesse-du-bossu.txt_chunk_87	
1893_Feval-Paul-fils_les-suites-de-lagardere_1-la-jeunesse-du-bossu.txt_chunk_88	
1893_Feval-Paul-fils_les-suites-de-lagardere_1-la-jeunesse-du-bossu.txt_chunk_89	
1893_Feval-Paul-fils_les-suites-de-lagardere_1-la-jeunesse-du-bossu.txt_chunk_9	
1893_Feval-Paul-fils_les-suites-de-lagardere_1-la-jeunesse-du-bossu.txt_chunk_90	
1893_Feval-Paul-fils_les-suites-de-lagardere_1-la-jeunesse-du-bossu.txt_chunk_91	
1893_Feval-Paul-fils_les-suites-de-lagardere_1-la-jeunesse-du-bossu.txt_chunk_92	
1893_Feval-Paul-fils_les-suites-de-lagardere_1-la-jeunesse-du-bossu.txt_chunk_93	
1893_Feval-Paul-fils_les-suites-de-lagardere_1-la-jeunesse-du-bossu.txt_chunk_94	
1893_Feval-Paul-fils_les-suites-de-lagardere_1-la-jeunesse-du-bossu.txt_chunk_95	
1893_Feval-Paul-fils_les-suites-de-lagardere_1-la-jeunesse-du-bossu.txt_chunk_96	
1893_Feval-Paul-fils_les-suites-de-lagardere_1-la-jeunesse-du-bossu.txt_chunk_97	
1893_Feval-Paul-fils_les-suites-de-lagardere_1-la-jeunesse-du-bossu.txt_chunk_98	
