doc;label_net
1876_Boisgobey-Fortune-du_L-Omnibus-du-diable.txt_chunk_0;OTHER
"1876_Boisgobey-Fortune-du_L-Omnibus-du-diable.txt_chunk_1	";DANGER
"1876_Boisgobey-Fortune-du_L-Omnibus-du-diable.txt_chunk_2	";DANGER
"1876_Boisgobey-Fortune-du_L-Omnibus-du-diable.txt_chunk_3	";OTHER
"1876_Boisgobey-Fortune-du_L-Omnibus-du-diable.txt_chunk_4	";OTHER
"1876_Boisgobey-Fortune-du_L-Omnibus-du-diable.txt_chunk_5	";OTHER
"1876_Boisgobey-Fortune-du_L-Omnibus-du-diable.txt_chunk_6	";OTHER
"1876_Boisgobey-Fortune-du_L-Omnibus-du-diable.txt_chunk_7	";OTHER
"1876_Boisgobey-Fortune-du_L-Omnibus-du-diable.txt_chunk_8	";OTHER
"1876_Boisgobey-Fortune-du_L-Omnibus-du-diable.txt_chunk_9	";OTHER
"1876_Boisgobey-Fortune-du_L-Omnibus-du-diable.txt_chunk_10	";OTHER
"1876_Boisgobey-Fortune-du_L-Omnibus-du-diable.txt_chunk_11	";OTHER
"1876_Boisgobey-Fortune-du_L-Omnibus-du-diable.txt_chunk_12	";OTHER
"1876_Boisgobey-Fortune-du_L-Omnibus-du-diable.txt_chunk_13	";OTHER
"1876_Boisgobey-Fortune-du_L-Omnibus-du-diable.txt_chunk_14	";OTHER
"1876_Boisgobey-Fortune-du_L-Omnibus-du-diable.txt_chunk_15	";OTHER
"1876_Boisgobey-Fortune-du_L-Omnibus-du-diable.txt_chunk_16	";OTHER
"1876_Boisgobey-Fortune-du_L-Omnibus-du-diable.txt_chunk_17	";OTHER
"1876_Boisgobey-Fortune-du_L-Omnibus-du-diable.txt_chunk_18	";OTHER
"1876_Boisgobey-Fortune-du_L-Omnibus-du-diable.txt_chunk_19	";OTHER
"1876_Boisgobey-Fortune-du_L-Omnibus-du-diable.txt_chunk_20	";OTHER
"1876_Boisgobey-Fortune-du_L-Omnibus-du-diable.txt_chunk_21	";OTHER
"1876_Boisgobey-Fortune-du_L-Omnibus-du-diable.txt_chunk_22	";OTHER
"1876_Boisgobey-Fortune-du_L-Omnibus-du-diable.txt_chunk_23	";OTHER
"1876_Boisgobey-Fortune-du_L-Omnibus-du-diable.txt_chunk_24	";OTHER
"1876_Boisgobey-Fortune-du_L-Omnibus-du-diable.txt_chunk_25	";OTHER
"1876_Boisgobey-Fortune-du_L-Omnibus-du-diable.txt_chunk_26	";OTHER
"1876_Boisgobey-Fortune-du_L-Omnibus-du-diable.txt_chunk_27	";OTHER
"1876_Boisgobey-Fortune-du_L-Omnibus-du-diable.txt_chunk_28	";OTHER
"1876_Boisgobey-Fortune-du_L-Omnibus-du-diable.txt_chunk_29	";OTHER
"1876_Boisgobey-Fortune-du_L-Omnibus-du-diable.txt_chunk_30	";OTHER
"1876_Boisgobey-Fortune-du_L-Omnibus-du-diable.txt_chunk_31	";OTHER
"1876_Boisgobey-Fortune-du_L-Omnibus-du-diable.txt_chunk_32	";OTHER
"1876_Boisgobey-Fortune-du_L-Omnibus-du-diable.txt_chunk_33	";OTHER
"1876_Boisgobey-Fortune-du_L-Omnibus-du-diable.txt_chunk_34	";OTHER
"1876_Boisgobey-Fortune-du_L-Omnibus-du-diable.txt_chunk_35	";OTHER
"1876_Boisgobey-Fortune-du_L-Omnibus-du-diable.txt_chunk_36	";OTHER
"1876_Boisgobey-Fortune-du_L-Omnibus-du-diable.txt_chunk_37	";OTHER
"1876_Boisgobey-Fortune-du_L-Omnibus-du-diable.txt_chunk_38	";OTHER
"1876_Boisgobey-Fortune-du_L-Omnibus-du-diable.txt_chunk_39	";OTHER
"1876_Boisgobey-Fortune-du_L-Omnibus-du-diable.txt_chunk_40	";OTHER
"1876_Boisgobey-Fortune-du_L-Omnibus-du-diable.txt_chunk_41	";OTHER
"1876_Boisgobey-Fortune-du_L-Omnibus-du-diable.txt_chunk_42	";OTHER
"1876_Boisgobey-Fortune-du_L-Omnibus-du-diable.txt_chunk_43	";OTHER
"1876_Boisgobey-Fortune-du_L-Omnibus-du-diable.txt_chunk_44	";OTHER
"1876_Boisgobey-Fortune-du_L-Omnibus-du-diable.txt_chunk_45	";OTHER
"1876_Boisgobey-Fortune-du_L-Omnibus-du-diable.txt_chunk_46	";OTHER
"1876_Boisgobey-Fortune-du_L-Omnibus-du-diable.txt_chunk_47	";OTHER
"1876_Boisgobey-Fortune-du_L-Omnibus-du-diable.txt_chunk_48	";OTHER
"1876_Boisgobey-Fortune-du_L-Omnibus-du-diable.txt_chunk_49	";OTHER
"1876_Boisgobey-Fortune-du_L-Omnibus-du-diable.txt_chunk_50	";OTHER
"1876_Boisgobey-Fortune-du_L-Omnibus-du-diable.txt_chunk_51	";OTHER
"1876_Boisgobey-Fortune-du_L-Omnibus-du-diable.txt_chunk_52	";OTHER
"1876_Boisgobey-Fortune-du_L-Omnibus-du-diable.txt_chunk_53	";OTHER
"1876_Boisgobey-Fortune-du_L-Omnibus-du-diable.txt_chunk_54	";OTHER
"1876_Boisgobey-Fortune-du_L-Omnibus-du-diable.txt_chunk_55	";OTHER
"1876_Boisgobey-Fortune-du_L-Omnibus-du-diable.txt_chunk_56	";DANGER
"1876_Boisgobey-Fortune-du_L-Omnibus-du-diable.txt_chunk_57	";OTHER
"1876_Boisgobey-Fortune-du_L-Omnibus-du-diable.txt_chunk_58	";OTHER
"1876_Boisgobey-Fortune-du_L-Omnibus-du-diable.txt_chunk_59	";OTHER
"1876_Boisgobey-Fortune-du_L-Omnibus-du-diable.txt_chunk_60	";OTHER
"1876_Boisgobey-Fortune-du_L-Omnibus-du-diable.txt_chunk_61	";DANGER
"1876_Boisgobey-Fortune-du_L-Omnibus-du-diable.txt_chunk_62	";OTHER
"1876_Boisgobey-Fortune-du_L-Omnibus-du-diable.txt_chunk_63	";OTHER
"1876_Boisgobey-Fortune-du_L-Omnibus-du-diable.txt_chunk_64	";OTHER
"1876_Boisgobey-Fortune-du_L-Omnibus-du-diable.txt_chunk_65	";
"1876_Boisgobey-Fortune-du_L-Omnibus-du-diable.txt_chunk_66	";
"1876_Boisgobey-Fortune-du_L-Omnibus-du-diable.txt_chunk_67	";
"1876_Boisgobey-Fortune-du_L-Omnibus-du-diable.txt_chunk_68	";
"1876_Boisgobey-Fortune-du_L-Omnibus-du-diable.txt_chunk_69	";
"1876_Boisgobey-Fortune-du_L-Omnibus-du-diable.txt_chunk_70	";
"1876_Boisgobey-Fortune-du_L-Omnibus-du-diable.txt_chunk_71	";
"1876_Boisgobey-Fortune-du_L-Omnibus-du-diable.txt_chunk_72	";
"1876_Boisgobey-Fortune-du_L-Omnibus-du-diable.txt_chunk_73	";
"1876_Boisgobey-Fortune-du_L-Omnibus-du-diable.txt_chunk_74	";
"1876_Boisgobey-Fortune-du_L-Omnibus-du-diable.txt_chunk_75	";
"1876_Boisgobey-Fortune-du_L-Omnibus-du-diable.txt_chunk_76	";
"1876_Boisgobey-Fortune-du_L-Omnibus-du-diable.txt_chunk_77	";
"1876_Boisgobey-Fortune-du_L-Omnibus-du-diable.txt_chunk_78	";
"1876_Boisgobey-Fortune-du_L-Omnibus-du-diable.txt_chunk_79	";
"1876_Boisgobey-Fortune-du_L-Omnibus-du-diable.txt_chunk_80	";
"1876_Boisgobey-Fortune-du_L-Omnibus-du-diable.txt_chunk_81	";
"1876_Boisgobey-Fortune-du_L-Omnibus-du-diable.txt_chunk_82	";
"1876_Boisgobey-Fortune-du_L-Omnibus-du-diable.txt_chunk_83	";
"1876_Boisgobey-Fortune-du_L-Omnibus-du-diable.txt_chunk_84	";
"1876_Boisgobey-Fortune-du_L-Omnibus-du-diable.txt_chunk_85	";
"1876_Boisgobey-Fortune-du_L-Omnibus-du-diable.txt_chunk_86	";
"1876_Boisgobey-Fortune-du_L-Omnibus-du-diable.txt_chunk_87	";
"1876_Boisgobey-Fortune-du_L-Omnibus-du-diable.txt_chunk_88	";
"1876_Boisgobey-Fortune-du_L-Omnibus-du-diable.txt_chunk_89	";
"1876_Boisgobey-Fortune-du_L-Omnibus-du-diable.txt_chunk_90	";
"1876_Boisgobey-Fortune-du_L-Omnibus-du-diable.txt_chunk_91	";
"1876_Boisgobey-Fortune-du_L-Omnibus-du-diable.txt_chunk_92	";
"1876_Boisgobey-Fortune-du_L-Omnibus-du-diable.txt_chunk_93	";
"1876_Boisgobey-Fortune-du_L-Omnibus-du-diable.txt_chunk_94	";
"1876_Boisgobey-Fortune-du_L-Omnibus-du-diable.txt_chunk_95	";
"1876_Boisgobey-Fortune-du_L-Omnibus-du-diable.txt_chunk_96	";
"1876_Boisgobey-Fortune-du_L-Omnibus-du-diable.txt_chunk_97	";
"1876_Boisgobey-Fortune-du_L-Omnibus-du-diable.txt_chunk_98	";
"1876_Boisgobey-Fortune-du_L-Omnibus-du-diable.txt_chunk_99	";
"1876_Boisgobey-Fortune-du_L-Omnibus-du-diable.txt_chunk_100	";
"1876_Boisgobey-Fortune-du_L-Omnibus-du-diable.txt_chunk_101	";
"1876_Boisgobey-Fortune-du_L-Omnibus-du-diable.txt_chunk_102	";
"1876_Boisgobey-Fortune-du_L-Omnibus-du-diable.txt_chunk_103	";
"1876_Boisgobey-Fortune-du_L-Omnibus-du-diable.txt_chunk_104	";
"1876_Boisgobey-Fortune-du_L-Omnibus-du-diable.txt_chunk_105	";
"1876_Boisgobey-Fortune-du_L-Omnibus-du-diable.txt_chunk_106	";
"1876_Boisgobey-Fortune-du_L-Omnibus-du-diable.txt_chunk_107	";
"1876_Boisgobey-Fortune-du_L-Omnibus-du-diable.txt_chunk_108	";
"1876_Boisgobey-Fortune-du_L-Omnibus-du-diable.txt_chunk_109	";
"1876_Boisgobey-Fortune-du_L-Omnibus-du-diable.txt_chunk_110	";
"1876_Boisgobey-Fortune-du_L-Omnibus-du-diable.txt_chunk_111	";
"1876_Boisgobey-Fortune-du_L-Omnibus-du-diable.txt_chunk_112	";
"1876_Boisgobey-Fortune-du_L-Omnibus-du-diable.txt_chunk_113	";
"1876_Boisgobey-Fortune-du_L-Omnibus-du-diable.txt_chunk_114	";
"1876_Boisgobey-Fortune-du_L-Omnibus-du-diable.txt_chunk_115	";
"1876_Boisgobey-Fortune-du_L-Omnibus-du-diable.txt_chunk_116	";
"1876_Boisgobey-Fortune-du_L-Omnibus-du-diable.txt_chunk_117	";
"1876_Boisgobey-Fortune-du_L-Omnibus-du-diable.txt_chunk_118	";
"1876_Boisgobey-Fortune-du_L-Omnibus-du-diable.txt_chunk_119	";
"1876_Boisgobey-Fortune-du_L-Omnibus-du-diable.txt_chunk_120	";
"1876_Boisgobey-Fortune-du_L-Omnibus-du-diable.txt_chunk_121	";
"1876_Boisgobey-Fortune-du_L-Omnibus-du-diable.txt_chunk_122	";
"1876_Boisgobey-Fortune-du_L-Omnibus-du-diable.txt_chunk_123	";
"1876_Boisgobey-Fortune-du_L-Omnibus-du-diable.txt_chunk_124	";
"1876_Boisgobey-Fortune-du_L-Omnibus-du-diable.txt_chunk_125	";
"1876_Boisgobey-Fortune-du_L-Omnibus-du-diable.txt_chunk_126	";
"1876_Boisgobey-Fortune-du_L-Omnibus-du-diable.txt_chunk_127	";
"1876_Boisgobey-Fortune-du_L-Omnibus-du-diable.txt_chunk_128	";
"1876_Boisgobey-Fortune-du_L-Omnibus-du-diable.txt_chunk_129	";
"1876_Boisgobey-Fortune-du_L-Omnibus-du-diable.txt_chunk_130	";
"1876_Boisgobey-Fortune-du_L-Omnibus-du-diable.txt_chunk_131	";
"1876_Boisgobey-Fortune-du_L-Omnibus-du-diable.txt_chunk_132	";
"1876_Boisgobey-Fortune-du_L-Omnibus-du-diable.txt_chunk_133	";
"1876_Boisgobey-Fortune-du_L-Omnibus-du-diable.txt_chunk_134	";
"1876_Boisgobey-Fortune-du_L-Omnibus-du-diable.txt_chunk_135	";
"1876_Boisgobey-Fortune-du_L-Omnibus-du-diable.txt_chunk_136	";
"1876_Boisgobey-Fortune-du_L-Omnibus-du-diable.txt_chunk_137	";
"1876_Boisgobey-Fortune-du_L-Omnibus-du-diable.txt_chunk_138	";
"1876_Boisgobey-Fortune-du_L-Omnibus-du-diable.txt_chunk_139	";
"1876_Boisgobey-Fortune-du_L-Omnibus-du-diable.txt_chunk_140	";
"1876_Boisgobey-Fortune-du_L-Omnibus-du-diable.txt_chunk_141	";
"1876_Boisgobey-Fortune-du_L-Omnibus-du-diable.txt_chunk_142	";
"1876_Boisgobey-Fortune-du_L-Omnibus-du-diable.txt_chunk_143	";
"1876_Boisgobey-Fortune-du_L-Omnibus-du-diable.txt_chunk_144	";
"1876_Boisgobey-Fortune-du_L-Omnibus-du-diable.txt_chunk_145	";
"1876_Boisgobey-Fortune-du_L-Omnibus-du-diable.txt_chunk_146	";
"1876_Boisgobey-Fortune-du_L-Omnibus-du-diable.txt_chunk_147	";
"1876_Boisgobey-Fortune-du_L-Omnibus-du-diable.txt_chunk_148	";
"1876_Boisgobey-Fortune-du_L-Omnibus-du-diable.txt_chunk_149	";
"1876_Boisgobey-Fortune-du_L-Omnibus-du-diable.txt_chunk_150	";
"1876_Boisgobey-Fortune-du_L-Omnibus-du-diable.txt_chunk_151	";
"1876_Boisgobey-Fortune-du_L-Omnibus-du-diable.txt_chunk_152	";
"1876_Boisgobey-Fortune-du_L-Omnibus-du-diable.txt_chunk_153	";
"1876_Boisgobey-Fortune-du_L-Omnibus-du-diable.txt_chunk_154	";
"1876_Boisgobey-Fortune-du_L-Omnibus-du-diable.txt_chunk_155	";
"1876_Boisgobey-Fortune-du_L-Omnibus-du-diable.txt_chunk_156	";
"1876_Boisgobey-Fortune-du_L-Omnibus-du-diable.txt_chunk_157	";
"1876_Boisgobey-Fortune-du_L-Omnibus-du-diable.txt_chunk_158	";
"1876_Boisgobey-Fortune-du_L-Omnibus-du-diable.txt_chunk_159	";
"1876_Boisgobey-Fortune-du_L-Omnibus-du-diable.txt_chunk_160	";
"1876_Boisgobey-Fortune-du_L-Omnibus-du-diable.txt_chunk_161	";
"1876_Boisgobey-Fortune-du_L-Omnibus-du-diable.txt_chunk_162	";
"1876_Boisgobey-Fortune-du_L-Omnibus-du-diable.txt_chunk_163	";
"1876_Boisgobey-Fortune-du_L-Omnibus-du-diable.txt_chunk_164	";
"1876_Boisgobey-Fortune-du_L-Omnibus-du-diable.txt_chunk_165	";
"1876_Boisgobey-Fortune-du_L-Omnibus-du-diable.txt_chunk_166	";
"1876_Boisgobey-Fortune-du_L-Omnibus-du-diable.txt_chunk_167	";
"1876_Boisgobey-Fortune-du_L-Omnibus-du-diable.txt_chunk_168	";
"1876_Boisgobey-Fortune-du_L-Omnibus-du-diable.txt_chunk_169	";
"1876_Boisgobey-Fortune-du_L-Omnibus-du-diable.txt_chunk_170	";
"1876_Boisgobey-Fortune-du_L-Omnibus-du-diable.txt_chunk_171	";
"1876_Boisgobey-Fortune-du_L-Omnibus-du-diable.txt_chunk_172	";
"1876_Boisgobey-Fortune-du_L-Omnibus-du-diable.txt_chunk_173	";
"1876_Boisgobey-Fortune-du_L-Omnibus-du-diable.txt_chunk_174	";
"1876_Boisgobey-Fortune-du_L-Omnibus-du-diable.txt_chunk_175	";
"1876_Boisgobey-Fortune-du_L-Omnibus-du-diable.txt_chunk_176	";
"1876_Boisgobey-Fortune-du_L-Omnibus-du-diable.txt_chunk_177	";
"1876_Boisgobey-Fortune-du_L-Omnibus-du-diable.txt_chunk_178	";
"1876_Boisgobey-Fortune-du_L-Omnibus-du-diable.txt_chunk_179	";
"1876_Boisgobey-Fortune-du_L-Omnibus-du-diable.txt_chunk_180	";
"1876_Boisgobey-Fortune-du_L-Omnibus-du-diable.txt_chunk_181	";
"1876_Boisgobey-Fortune-du_L-Omnibus-du-diable.txt_chunk_182	";
"1876_Boisgobey-Fortune-du_L-Omnibus-du-diable.txt_chunk_183	";
"1876_Boisgobey-Fortune-du_L-Omnibus-du-diable.txt_chunk_184	";